"media_id","source","media_type","title","image","season_number","episode_number","score","status","notes","start_date","end_date","progress","created_at","progressed_at"
"95480","tmdb","tv","Slow Horses","https://image.tmdb.org/t/p/w500/dnpatlJrEPiDSn5fzgzvxtiSnMo.jpg","","","","In progress","","2025-12-09 16:53:00+00:00","2025-12-09 16:54:00+00:00","9","2025-12-09 16:53:49.322304+00:00","2025-12-09 16:54:00+00:00"
"95480","tmdb","season","Slow Horses","https://image.tmdb.org/t/p/w500/oBqlO6ZjTcVFiE0lBj89lAOi18s.jpg","1","","","Completed","","2025-12-09 16:53:00+00:00","2025-12-09 16:53:00+00:00","6","2025-12-09 16:53:49.835943+00:00","2025-12-09 16:53:00+00:00"
"95480","tmdb","season","Slow Horses","https://image.tmdb.org/t/p/w500/8FM8KCgZQSbLLXcZew0MSj6so1k.jpg","2","","","In progress","","2025-12-09 16:54:00+00:00","2025-12-09 16:54:00+00:00","3","2025-12-09 16:54:03.171638+00:00","2025-12-09 16:54:00+00:00"
"95480","tmdb","episode","Slow Horses","https://image.tmdb.org/t/p/original/hLDT28rK6YwWHwuIQAgEHfgMjEw.jpg","1","1","","","","","2025-12-09 16:53:00+00:00","","2025-12-09 16:53:59.439897+00:00",""
"95480","tmdb","episode","Slow Horses","https://image.tmdb.org/t/p/original/lAYmAPrr8WFUknwVvc2vVSliBtO.jpg","1","2","","","","","2025-12-09 16:53:00+00:00","","2025-12-09 16:53:59.439815+00:00",""
"95480","tmdb","episode","Slow Horses","https://image.tmdb.org/t/p/original/7JU302Tf3afLyn0m6ENQwkzhWzw.jpg","1","3","","","","","2025-12-09 16:53:00+00:00","","2025-12-09 16:53:59.439733+00:00",""
"95480","tmdb","episode","Slow Horses","https://image.tmdb.org/t/p/original/iwD7NKfSLK7wbl9Psrkl1JryHnh.jpg","1","4","","","","","2025-12-09 16:53:00+00:00","","2025-12-09 16:53:59.439650+00:00",""
"95480","tmdb","episode","Slow Horses","https://image.tmdb.org/t/p/original/r1h2s5XoPnYObXa4fLQBMzPQ7ws.jpg","1","5","","","","","2025-12-09 16:53:00+00:00","","2025-12-09 16:53:59.439564+00:00",""
"95480","tmdb","episode","Slow Horses","https://image.tmdb.org/t/p/original/kvavIgDPCRiKHDbFHhjiuGjiwE2.jpg","1","6","","","","","2025-12-09 16:53:00+00:00","","2025-12-09 16:53:59.439332+00:00",""
"95480","tmdb","episode","Slow Horses","https://image.tmdb.org/t/p/original/henDWWSmXd0Crdb6YnocCxejO0m.jpg","2","1","","","","","2025-12-09 16:54:00+00:00","","2025-12-09 16:54:07.327655+00:00",""
"95480","tmdb","episode","Slow Horses","https://image.tmdb.org/t/p/original/6EH3YmOXblz91dw6H64ZcHpy2H5.jpg","2","2","","","","","2025-12-09 16:54:00+00:00","","2025-12-09 16:54:08.311661+00:00",""
"95480","tmdb","episode","Slow Horses","https://image.tmdb.org/t/p/original/wVV3QZ4S5vNEY6A67oTjPLtfImX.jpg","2","3","","","","","2025-12-09 16:54:00+00:00","","2025-12-09 16:54:09.022511+00:00",""
"642","mal","manga","Vinland Saga","https://cdn.myanimelist.net/images/manga/2/188925l.webp","","","","In progress","","2025-10-12 20:28:00+00:00","","0","2025-10-20 20:28:20.214172+00:00","2025-10-20 20:28:20.086131+00:00"
"107300","igdb","game","Thronebreaker: The Witcher Tales","https://images.igdb.com/igdb/image/upload/t_original/co1qsk.jpg","","","","Dropped","","2025-12-23 02:36:00+00:00","2025-12-28 03:05:00+00:00","3h 00min","2025-12-04 03:01:25.131039+00:00","2025-12-28 03:05:43.809618+00:00"
"107317","igdb","game","Gato Roboto","https://images.igdb.com/igdb/image/upload/t_original/co7ugu.jpg","","","7.0","Completed","","2024-02-14 18:12:00+00:00","2024-02-22 21:21:00+00:00","3h 30min","2025-10-20 20:21:17.004775+00:00","2025-12-11 20:22:37.319861+00:00"
"109274","igdb","game","Judgment","https://images.igdb.com/igdb/image/upload/t_original/co1rqt.jpg","","","8.0","Completed","","2024-09-14 17:12:00+00:00","2024-12-14 21:07:00+00:00","42h 00min","2025-10-20 20:19:53.962438+00:00","2025-10-21 14:08:26.357438+00:00"
"1104","igdb","game","Metroid Fusion","https://images.igdb.com/igdb/image/upload/t_original/co3w49.jpg","","","9.0","Completed","","2025-09-10 19:26:00+00:00","2025-09-20 19:26:00+00:00","3h 47min","2025-10-20 19:26:59.551561+00:00","2025-12-09 17:15:34.489445+00:00"
"11208","igdb","game","NieR: Automata","https://images.igdb.com/igdb/image/upload/t_original/co5pcj.jpg","","","","Dropped","","","","0min","2025-10-20 20:23:07.063696+00:00","2025-10-20 20:23:06.994879+00:00"
"1124","igdb","game","Super Castlevania IV","https://images.igdb.com/igdb/image/upload/t_original/co20dc.jpg","","","","Planning","","","","0min","2025-10-20 20:04:03.903576+00:00","2025-10-20 20:04:03.823883+00:00"
"112875","igdb","game","God of War Ragnarök","https://images.igdb.com/igdb/image/upload/t_original/co5s5v.jpg","","","9.0","Completed","","2024-10-16 17:12:00+00:00","2025-01-02 21:05:00+00:00","28h 00min","2025-10-20 20:06:15.372355+00:00","2025-12-11 20:21:37.554538+00:00"
"11326","igdb","game","Jeanne d'Arc","https://images.igdb.com/igdb/image/upload/t_original/co1pnd.jpg","","","","Dropped","","2026-01-16 01:35:00+00:00","","0min","2026-01-16 14:36:13.668206+00:00","2026-01-16 14:36:13.563272+00:00"
"11397","igdb","game","Yakuza 0","https://images.igdb.com/igdb/image/upload/t_original/co252x.jpg","","","8.0","Completed","Paused for a while. Picking up and finishing on easy.","2024-08-04 22:47:00+00:00","2026-01-04 23:57:00+00:00","33h 00min","2026-01-02 23:47:45.482213+00:00","2026-01-04 23:57:42.195173+00:00"
"115060","igdb","game","Dragon's Dogma II","https://images.igdb.com/igdb/image/upload/t_original/co833w.jpg","","","","Dropped","Truly the clunkiest game I’ve played in years. I died because I got stuck on a tree and a cyclops sat on me.","2026-03-01 00:47:00+00:00","","0min","2026-03-01 00:47:37.662245+00:00","2026-03-01 00:47:37.459546+00:00"
"116","igdb","game","Star Wars: Knights of the Old Republic","https://images.igdb.com/igdb/image/upload/t_original/co1tmz.jpg","","","","Planning","","","","0min","2025-11-04 15:01:34.156541+00:00","2025-11-04 15:01:33.980045+00:00"
"117170","igdb","game","Stellar Blade","https://images.igdb.com/igdb/image/upload/t_original/co9s0t.jpg","","","7.0","Completed","","2025-02-14 20:18:00+00:00","2025-06-12 19:18:00+00:00","26h 00min","2025-10-20 19:19:01.146422+00:00","2025-12-09 17:19:50.942618+00:00"
"118","igdb","game","Star Wars: Knights of the Old Republic II - The Sith Lords","https://images.igdb.com/igdb/image/upload/t_original/co1qrj.jpg","","","","Planning","","","","0min","2025-11-04 15:01:38.494171+00:00","2025-11-04 15:01:38.303817+00:00"
"119825","igdb","game","Jack Move","https://images.igdb.com/igdb/image/upload/t_original/co2woq.jpg","","","","Planning","","","","0min","2025-10-20 20:37:46.866311+00:00","2025-10-20 20:37:46.730975+00:00"
"12503","igdb","game","The Witcher 3: Wild Hunt - Hearts of Stone","https://images.igdb.com/igdb/image/upload/t_original/co1t7q.jpg","","","10.0","Completed","","2025-12-14 03:10:00+00:00","2025-12-22 04:22:00+00:00","12h 00min","2025-12-09 20:25:47.330431+00:00","2025-12-22 04:23:10.473426+00:00"
"126870","igdb","game","The Drifter","https://images.igdb.com/igdb/image/upload/t_original/coabj2.jpg","","","","Dropped","","2026-02-21 15:48:00+00:00","","0min","2026-02-21 14:48:22.616274+00:00","2026-02-21 14:48:22.275682+00:00"
"127044","igdb","game","Marvel's Spider-Man 2","https://images.igdb.com/igdb/image/upload/t_original/co79vq.jpg","","","","Paused","","2025-10-03 19:29:00+00:00","","0min","2025-10-20 19:29:43.295130+00:00","2025-10-20 19:29:43.167683+00:00"
"128","igdb","game","Assassin's Creed","https://images.igdb.com/igdb/image/upload/t_original/co1rrw.jpg","","","6.0","Completed","","2025-11-17 20:05:00+00:00","2025-11-23 22:24:00+00:00","16h 00min","2025-11-17 20:05:24.736927+00:00","2025-12-09 17:19:13.607517+00:00"
"128097","igdb","game","Turnip Boy Commits Tax Evasion","https://images.igdb.com/igdb/image/upload/t_original/co4kc1.jpg","","","7.0","Completed","","2024-08-12 17:12:00+00:00","2024-08-14 20:21:00+00:00","2h 00min","2025-10-20 20:21:41.696437+00:00","2025-12-11 20:22:20.654073+00:00"
"13166","igdb","game","The Witcher 3: Wild Hunt - Blood and Wine","https://images.igdb.com/igdb/image/upload/t_original/co2lgo.jpg","","","","Planning","","","","0min","2025-12-09 20:25:52.157459+00:00","2025-12-09 20:25:51.854163+00:00"
"131890","igdb","game","Sea of Stars","https://images.igdb.com/igdb/image/upload/t_original/co215b.jpg","","","7.0","Completed","","2024-03-14 17:12:00+00:00","2024-06-14 17:21:00+00:00","40h 00min","2025-10-20 20:22:07.885875+00:00","2025-10-21 14:09:17.606515+00:00"
"133302","igdb","game","Scarlet Nexus","https://images.igdb.com/igdb/image/upload/t_original/co3b6l.jpg","","","","Paused","","2026-02-23 03:01:00+00:00","","0min","2026-02-23 02:01:33.768845+00:00","2026-02-23 02:01:33.571387+00:00"
"1339","igdb","game","Psychonauts","https://images.igdb.com/igdb/image/upload/t_original/co38t0.jpg","","","","Dropped","Too many bugs in the PC port.","2025-09-14 17:21:00+00:00","2025-10-01 17:12:00+00:00","0min","2025-10-20 20:37:34.194633+00:00","2025-10-20 20:37:33.932717+00:00"
"134070","igdb","game","Mafia: Definitive Edition","https://images.igdb.com/igdb/image/upload/t_original/co26vl.jpg","","","6.0","Completed","","2025-06-22 19:19:00+00:00","2025-06-29 19:19:00+00:00","20h 00min","2025-10-20 19:19:58.946505+00:00","2025-10-21 14:07:59.273693+00:00"
"134581","igdb","game","Marvel's Spider-Man: Miles Morales","https://images.igdb.com/igdb/image/upload/t_original/co2dwe.jpg","","","7.0","Completed","","2025-02-08 20:14:00+00:00","2025-03-15 19:14:00+00:00","18h 00min","2025-10-20 19:14:39.652957+00:00","2025-12-09 17:19:38.163873+00:00"
"134582","igdb","game","Ratchet & Clank: Rift Apart","https://images.igdb.com/igdb/image/upload/t_original/co2str.jpg","","","9.0","Completed","","","2024-10-20 20:22:00+00:00","15h 00min","2025-10-20 20:22:32.814916+00:00","2025-12-11 20:20:45.920125+00:00"
"134606","igdb","game","Demon's Souls","https://images.igdb.com/igdb/image/upload/t_original/co2kj9.jpg","","","","Planning","","","","0min","2025-11-02 15:18:56.813187+00:00","2025-11-02 15:18:56.651578+00:00"
"136625","igdb","game","Hogwarts Legacy","https://images.igdb.com/igdb/image/upload/t_original/coaav6.jpg","","","","Planning","","","","0min","2025-11-02 15:18:29.681608+00:00","2025-11-02 15:18:29.519811+00:00"
"142415","igdb","game","Indiana Jones and the Great Circle","https://images.igdb.com/igdb/image/upload/t_original/co7nbc.jpg","","","8.0","Completed","","2025-01-08 18:12:00+00:00","2025-02-01 21:02:00+00:00","12h 00min","2025-10-20 20:02:58.266728+00:00","2025-12-11 20:20:38.222866+00:00"
"1439","igdb","game","Fire Emblem: The Blazing Blade","https://images.igdb.com/igdb/image/upload/t_original/co1p7c.jpg","","","","Dropped","Insane difficulty spike in chapter 27. Dropped.","2025-09-26 19:30:00+00:00","2025-10-18 19:30:00+00:00","16h 00min","2025-10-20 19:30:20.586331+00:00","2025-10-21 14:09:29.306192+00:00"
"146851","igdb","game","Lost Judgment","https://images.igdb.com/igdb/image/upload/t_original/co53ld.jpg","","","9.0","Completed","","2025-01-14 20:47:00+00:00","2025-03-14 19:47:00+00:00","37h 00min","2025-10-20 19:48:08.945878+00:00","2025-10-21 14:07:37.461286+00:00"
"150010","igdb","game","Sonic Frontiers","https://images.igdb.com/igdb/image/upload/t_original/co5p52.jpg","","","","Planning","","","","0min","2025-10-20 20:35:49.413949+00:00","2025-10-20 20:35:49.248214+00:00"
"1519","igdb","game","Pokémon Platinum Version","https://images.igdb.com/igdb/image/upload/t_original/co8gvp.jpg","","","","Paused","Waiting for Ayn Thor to pick back up 3/8/26","2026-02-28 01:00:00+00:00","","0min","2026-02-28 00:00:27.421584+00:00","2026-02-28 00:00:27.158838+00:00"
"152250","igdb","game","Stranger of Paradise: Final Fantasy Origin","https://images.igdb.com/igdb/image/upload/t_original/co4kag.jpg","","","","Planning","","","","0min","2025-10-20 20:36:51.014765+00:00","2025-10-20 20:36:50.926018+00:00"
"185239","igdb","game","The Expanse: A Telltale Series","https://images.igdb.com/igdb/image/upload/t_original/co6j63.jpg","","","","Planning","","","","0min","2025-10-20 20:25:04.082879+00:00","2025-10-20 20:25:03.924439+00:00"
"185252","igdb","game","Warhammer 40,000: Space Marine II","https://images.igdb.com/igdb/image/upload/t_original/co5vab.jpg","","","","Paused","","2025-12-22 19:22:00+00:00","","3h 00min","2025-12-02 02:52:22.452560+00:00","2025-12-28 03:06:01.242030+00:00"
"18812","igdb","game","Tales of Berseria","https://images.igdb.com/igdb/image/upload/t_original/co1rk1.jpg","","","","Dropped","","2025-10-27 13:57:00+00:00","2025-10-31 12:38:00+00:00","0min","2025-10-28 13:57:47.915624+00:00","2025-10-28 13:57:47.725620+00:00"
"1887","igdb","game","Dragon Age: Inquisition","https://images.igdb.com/igdb/image/upload/t_original/co2mvy.jpg","","","","Planning","","","","0min","2025-11-20 20:57:37.423143+00:00","2025-11-20 20:57:37.337616+00:00"
"191407","igdb","game","Live A Live","https://images.igdb.com/igdb/image/upload/t_original/co7rur.jpg","","","","Paused","","2025-10-23 03:25:00+00:00","","0min","2025-10-20 20:37:55.829662+00:00","2025-10-20 20:37:55.744199+00:00"
"194819","igdb","game","Lost Judgment: The Kaito Files","https://images.igdb.com/igdb/image/upload/t_original/co4o70.jpg","","","","Paused","","2026-02-22 23:26:00+00:00","","0min","2025-10-20 19:48:26.867919+00:00","2025-10-20 19:48:26.579855+00:00"
"203259","igdb","game","Warhammer 40,000: Rogue Trader","https://images.igdb.com/igdb/image/upload/t_original/co9eew.jpg","","","","Paused","","2026-01-24 16:24:00+00:00","","0min","2026-01-24 16:24:40.234509+00:00","2026-01-24 16:24:39.911531+00:00"
"204623","igdb","game","Pentiment","https://images.igdb.com/igdb/image/upload/t_original/co4v1e.jpg","","","","Paused","","2026-01-06 03:20:00+00:00","","0min","2026-01-06 03:20:14.374450+00:00","2026-01-06 03:20:13.691780+00:00"
"20740","igdb","game","The Witcher 2: Assassins of Kings - Enhanced Edition","https://images.igdb.com/igdb/image/upload/t_original/co1ykc.jpg","","","","Planning","","","","0min","2025-12-09 20:26:03.020133+00:00","2025-12-09 20:26:02.883551+00:00"
"21020","igdb","game","Ys I & II Chronicles","https://images.igdb.com/igdb/image/upload/t_original/coa081.jpg","","","","Planning","","","","0min","2025-10-20 20:03:26.652117+00:00","2025-10-20 20:03:26.450210+00:00"
"213016","igdb","game","Esoteric Ebb","https://images.igdb.com/igdb/image/upload/t_original/cobakp.jpg","","","0.0","In progress","","2026-03-08 23:47:00+00:00","","0min","2026-03-08 23:47:38.436682+00:00","2026-03-08 23:47:38.169668+00:00"
"2136","igdb","game","Bayonetta","https://images.igdb.com/igdb/image/upload/t_original/co8nf4.jpg","","","","Planning","","","","0min","2025-10-20 20:02:17.160711+00:00","2025-10-20 20:02:16.836095+00:00"
"215769","igdb","game","Cyberpunk 2077: Phantom Liberty","https://images.igdb.com/igdb/image/upload/t_original/co7566.jpg","","","10.0","Completed","","2025-02-14 20:17:00+00:00","2025-06-07 19:17:00+00:00","132h 00min","2025-10-20 19:17:56.489384+00:00","2025-12-09 17:19:43.959253+00:00"
"21704","igdb","game","Batman: Arkham City - Game of the Year Edition","https://images.igdb.com/igdb/image/upload/t_original/co2kia.jpg","","","","Planning","","2026-02-26 22:58:00+00:00","","0min","2025-10-20 20:37:01.568347+00:00","2025-10-20 20:37:01.366687+00:00"
"217909","igdb","game","Suikoden I & II HD Remaster: Gate Rune and Dunan Unification Wars","https://images.igdb.com/igdb/image/upload/t_original/co9zge.jpg","","","","Dropped","Pausing due to super clunky inventory management. So many menus just to equip better items.","2025-07-08 17:12:00+00:00","","0min","2025-10-20 20:00:18.855793+00:00","2025-10-20 20:00:18.663687+00:00"
"221822","igdb","game","Assassin's Creed II","https://images.igdb.com/igdb/image/upload/t_original/co5j8y.jpg","","","9.0","Completed","","2025-11-24 18:56:00+00:00","2025-12-01 22:52:00+00:00","20h 00min","2025-11-26 18:57:29.121091+00:00","2025-12-09 17:19:07.339641+00:00"
"2276","igdb","game","The Legend of Zelda: The Wind Waker HD","https://images.igdb.com/igdb/image/upload/t_original/co3ozi.jpg","","","10.0","Completed","","2025-08-29 17:12:00+00:00","2025-09-01 14:05:00+00:00","18h 00min","2025-10-21 14:06:15.021109+00:00","2025-10-21 14:09:40.253869+00:00"
"228530","igdb","game","Death Stranding 2: On The Beach","https://images.igdb.com/igdb/image/upload/t_original/co9ipx.jpg","","","10.0","Completed","","2025-06-26 19:21:00+00:00","2025-07-22 19:21:00+00:00","76h 00min","2025-10-20 19:21:49.087945+00:00","2025-12-09 17:21:53.055408+00:00"
"22917","igdb","game","Gris","https://images.igdb.com/igdb/image/upload/t_original/co1qv5.jpg","","","","Completed","","2025-08-19 17:12:00+00:00","2025-12-17 03:43:00+00:00","3h 04min","2025-10-20 19:59:33.753493+00:00","2025-12-21 15:43:27.913704+00:00"
"252476","igdb","game","Prince of Persia: The Lost Crown","https://images.igdb.com/igdb/image/upload/t_original/co6lli.jpg","","","","Planning","","","","0min","2025-10-20 20:36:18.957452+00:00","2025-10-20 20:36:18.879360+00:00"
"254327","igdb","game","Super Mario RPG","https://images.igdb.com/igdb/image/upload/t_original/co7pjz.jpg","","","","Planning","","","","0min","2025-10-20 20:38:46.221704+00:00","2025-10-20 20:38:46.136046+00:00"
"25773","igdb","game","Middle-earth: Shadow of Mordor - Game of the Year Edition","https://images.igdb.com/igdb/image/upload/t_original/co2who.jpg","","","","Dropped","","2025-12-29 03:09:00+00:00","2025-12-31 03:09:00+00:00","3h 00min","2025-12-31 03:09:54.719594+00:00","2025-12-31 03:09:54.719758+00:00"
"266719","igdb","game","Tales of Arise: Beyond the Dawn","https://images.igdb.com/igdb/image/upload/t_original/co731h.jpg","","","","Dropped","","2025-11-30 02:54:00+00:00","2025-12-02 01:53:00+00:00","0min","2025-11-29 02:54:16.036094+00:00","2025-11-29 02:54:15.839648+00:00"
"266734","igdb","game","Final Fantasy VII Rebirth: Deluxe Edition","https://images.igdb.com/igdb/image/upload/t_original/co731z.jpg","","","10.0","Completed","","2024-02-29 18:12:00+00:00","2025-02-01 14:21:00+00:00","120h 00min","2025-10-21 13:28:13.390106+00:00","2025-10-21 13:28:13.390286+00:00"
"27862","igdb","game","Batman: Arkham Asylum - Game of the Year Edition","https://images.igdb.com/igdb/image/upload/t_original/co1vok.jpg","","","7.0","Completed","","2025-05-31 19:19:00+00:00","2025-06-21 19:19:00+00:00","15h 00min","2025-10-20 19:19:35.683330+00:00","2025-10-21 14:07:15.457612+00:00"
"284716","igdb","game","Sonic X Shadow Generations","https://images.igdb.com/igdb/image/upload/t_original/co8byo.jpg","","","","Planning","","","","0min","2025-10-20 20:25:56.849227+00:00","2025-10-20 20:25:56.769922+00:00"
"2899","igdb","game","EarthBound","https://images.igdb.com/igdb/image/upload/t_original/co6v07.jpg","","","9.0","Completed","","2024-01-14 18:12:00+00:00","2024-11-14 21:20:00+00:00","32h 00min","2025-10-20 20:20:27.899809+00:00","2025-12-11 20:22:58.785380+00:00"
"2904","igdb","game","DuckTales: Remastered","https://images.igdb.com/igdb/image/upload/t_original/co1zsa.jpg","","","7.0","Completed","","2025-12-17 02:00:00+00:00","2025-12-17 15:42:00+00:00","3h 00min","2025-12-21 15:42:58.192405+00:00","2025-12-21 15:42:58.192632+00:00"
"30208","igdb","game","Dragon Age: The Veilguard","https://images.igdb.com/igdb/image/upload/t_original/co8gj5.jpg","","","","Dropped","Literally stopped working for no reason. Also very boring combat after a while.","2025-12-03 00:26:00+00:00","","0min","2025-11-20 20:57:48.125879+00:00","2025-11-20 20:57:47.956820+00:00"
"305152","igdb","game","Clair Obscur: Expedition 33","https://images.igdb.com/igdb/image/upload/t_original/co9gam.jpg","","","10.0","Completed","","2025-05-16 19:16:00+00:00","2025-05-30 19:16:00+00:00","42h 00min","2025-10-20 19:16:35.644692+00:00","2025-10-21 14:06:49.034783+00:00"
"306139","igdb","game","Fantasian Neo Dimension","https://images.igdb.com/igdb/image/upload/t_original/co8d92.jpg","","","","Paused","","2026-01-19 01:03:00+00:00","","0min","2026-01-01 20:14:07.635207+00:00","2026-01-01 20:14:07.474403+00:00"
"306154","igdb","game","Romancing SaGa 2: Revenge of the Seven","https://images.igdb.com/igdb/image/upload/t_original/co8d8f.jpg","","","","Planning","","","","0min","2025-10-20 20:36:33.417901+00:00","2025-10-20 20:36:33.333223+00:00"
"314929","igdb","game","Sea of Stars: Throes of the Watchmaker","https://images.igdb.com/igdb/image/upload/t_original/cob91o.jpg","","","","Dropped","","2026-02-25 03:23:00+00:00","","0min","2026-02-25 02:23:41.440866+00:00","2026-02-25 02:23:41.350415+00:00"
"325609","igdb","game","Dispatch","https://images.igdb.com/igdb/image/upload/t_original/co95gb.jpg","","","9.0","Completed","","2025-10-24 01:27:00+00:00","2025-12-14 02:57:00+00:00","8h 00min","2025-10-24 01:28:05.130430+00:00","2025-12-14 02:59:31.688442+00:00"
"347869","igdb","game","The Expanse: Osiris Reborn","https://images.igdb.com/igdb/image/upload/t_original/co9xoa.jpg","","","","Planning","","","","0min","2025-10-20 20:24:56.333137+00:00","2025-10-20 20:24:56.252245+00:00"
"366884","igdb","game","Dragon Quest VII Reimagined","https://images.igdb.com/igdb/image/upload/t_original/coag55.jpg","","","","Planning","","2026-02-28 02:28:00+00:00","","0min","2026-02-28 01:28:22.193998+00:00","2026-02-28 01:28:21.766406+00:00"
"37608","igdb","game","Valis II","https://images.igdb.com/igdb/image/upload/t_original/co25zs.jpg","","","","Dropped","","","","0min","2025-10-20 20:22:50.313481+00:00","2025-10-20 20:22:50.241356+00:00"
"384","igdb","game","Final Fantasy XIII-2","https://images.igdb.com/igdb/image/upload/t_original/co1tr9.jpg","","","2.0","Dropped","After a full hour of mobs spawning literally every 10 seconds...not player friendly, boring as fuck and the story makes no sense. Terrible game.","2025-12-31 16:13:00+00:00","","8h 00min","2025-12-31 16:14:03.113986+00:00","2026-01-19 00:47:15.975083+00:00"
"389","igdb","game","Final Fantasy XIII","https://images.igdb.com/igdb/image/upload/t_original/co2ukg.jpg","","","7.0","Completed","Picking back up at chapter 11 from 2022.","2025-07-27 19:24:00+00:00","2025-08-18 19:24:00+00:00","32h 00min","2025-10-20 19:24:30.879522+00:00","2025-10-21 14:09:48.654046+00:00"
"44998","igdb","game","Lunar 2: Eternal Blue Complete","https://images.igdb.com/igdb/image/upload/t_original/co8n6g.jpg","","","","Planning","","","","0min","2025-10-20 20:41:30.538578+00:00","2025-10-20 20:41:30.441165+00:00"
"5334","igdb","game","Lunar: The Silver Star","https://images.igdb.com/igdb/image/upload/t_original/co2w80.jpg","","","","Planning","","","","0min","2025-10-20 20:41:25.068073+00:00","2025-10-20 20:41:25.001480+00:00"
"5451","igdb","game","Snatcher","https://images.igdb.com/igdb/image/upload/t_original/co6yrt.jpg","","","8.0","Completed","Sega CD on MiSter and Pocket Classic.","2025-10-17 19:32:00+00:00","2025-10-22 01:05:00+00:00","7h 00min","2025-10-20 19:32:21.561015+00:00","2025-10-22 01:05:24.718052+00:00"
"68353","igdb","game","Unicorn Overlord","https://images.igdb.com/igdb/image/upload/t_original/co7310.jpg","","","","Dropped","","2025-07-01 17:12:00+00:00","2025-07-24 02:03:00+00:00","0min","2025-10-20 20:26:53.189112+00:00","2025-10-20 20:26:53.028408+00:00"
"6923","igdb","game","Blue Dragon","https://images.igdb.com/igdb/image/upload/t_original/co1qad.jpg","","","","Planning","","","","0min","2025-11-04 15:00:55.637641+00:00","2025-11-04 15:00:55.559649+00:00"
"7331","igdb","game","Uncharted 4: A Thief's End","https://images.igdb.com/igdb/image/upload/t_original/co1r7h.jpg","","","","In progress","","2026-03-07 15:18:00+00:00","","0min","2026-03-09 14:18:55.557932+00:00","2026-03-09 14:18:55.150058+00:00"
"7342","igdb","game","Inside","https://images.igdb.com/igdb/image/upload/t_original/co2fca.jpg","","","8.0","Completed","","","2024-10-20 20:20:00+00:00","3h 30min","2025-10-20 20:20:50.935377+00:00","2025-12-11 20:22:07.404458+00:00"
"74","igdb","game","Mass Effect 2","https://images.igdb.com/igdb/image/upload/t_original/co20ac.jpg","","","10.0","Completed","","2025-10-31 12:39:00+00:00","2025-11-17 04:39:00+00:00","29h 00min","2025-11-01 12:39:31.223004+00:00","2025-11-17 04:43:42.470182+00:00"
"76","igdb","game","Dragon Age: Origins","https://images.igdb.com/igdb/image/upload/t_original/co2mvs.jpg","","","","Planning","","","","0min","2025-11-20 20:57:32.616379+00:00","2025-11-20 20:57:32.447672+00:00"
"7794","igdb","game","Bonk's Adventure","https://images.igdb.com/igdb/image/upload/t_original/co3vvp.jpg","","","2.0","Dropped","The controls are way too sludgy","2025-12-22 15:02:00+00:00","","0min","2025-10-20 20:03:47.483788+00:00","2025-10-20 20:03:47.088802+00:00"
"78","igdb","game","Dragon Age II","https://images.igdb.com/igdb/image/upload/t_original/co2mw1.jpg","","","","Planning","","","","0min","2025-11-20 20:57:42.879796+00:00","2025-11-20 20:57:42.710543+00:00"
"78497","igdb","game","Catherine: Full Body","https://images.igdb.com/igdb/image/upload/t_original/co2e3g.jpg","","","","Planning","","","","0min","2025-10-20 20:38:20.479203+00:00","2025-10-20 20:38:20.327041+00:00"
"1154541","hardcover","book","Polostan","https://assets.hardcover.app/editions/31178686/4025867652433248.webp","","","8.0","Completed","","2025-07-08 19:20:00+00:00","2025-07-16 19:20:00+00:00","320","2025-10-20 19:20:54.026651+00:00","2025-10-20 19:20:54.026807+00:00"
"132082","hardcover","book","The System of the World","https://assets.hardcover.app/editions/31794069/6253227179967211.jpg","","","9.0","Completed","","2024-07-14 19:08:00+00:00","2025-01-09 20:08:00+00:00","912","2025-10-20 19:09:16.277237+00:00","2025-10-20 19:09:16.277520+00:00"
"139773","hardcover","book","The Fellowship of the Ring","https://assets.hardcover.app/edition/29029601/6d64b05efec0ccb215640b38d8c6bc4c712da0f5.jpeg","","","9.0","Completed","","2025-12-01 05:23:00+00:00","2025-12-10 13:49:00+00:00","407","2025-12-01 05:23:11.033072+00:00","2025-12-10 13:49:13.628829+00:00"
"148332","hardcover","book","Consider Phlebas","https://assets.hardcover.app/external_data/59676944/3f0d588fc370429882a9df9075002e8abfa56adb.jpeg","","","4.0","Completed","","2025-12-31 12:42:00+00:00","2026-01-08 04:49:00+00:00","544","2025-12-31 12:42:28.060830+00:00","2026-01-08 04:49:33.117026+00:00"
"1559843","hardcover","book","Hunchback","https://assets.hardcover.app/edition/31712033/8e927c572a08c5d56a8a57d7a26f35b0dc3889e6.jpeg","","","7.0","Completed","","2026-01-23 04:33:00+00:00","2026-01-24 14:06:00+00:00","90","2026-01-23 04:33:47.462484+00:00","2026-01-24 14:06:45.195573+00:00"
"192491","hardcover","book","Annihilation","https://assets.hardcover.app/edition/30399504/10520611-L.jpg","","","7.0","Completed","","2025-10-08 19:27:00+00:00","2025-10-15 19:27:00+00:00","195","2025-10-20 19:27:44.105346+00:00","2025-10-20 19:27:44.112483+00:00"
"198682","hardcover","book","Count Zero","https://assets.hardcover.app/external_data/60034249/f8bc972a50013071db81a305560c1598fb4fb5c6.jpeg","","","8.0","Completed","","2025-11-06 03:45:00+00:00","2025-11-11 14:03:00+00:00","352","2025-11-06 03:45:20.964840+00:00","2025-11-11 14:03:28.456649+00:00"
"1993819","hardcover","book","The Vulcan Academy Murders","https://assets.hardcover.app/edition/32161083/4cef9d406413d9af7d6ea1deba92154245a22b41.jpeg","","","4.0","Dropped","","2025-06-17 17:12:00+00:00","2025-07-12 17:12:00+00:00","0","2025-10-20 20:33:26.502965+00:00","2025-10-20 20:33:26.259232+00:00"
"268150","hardcover","book","Do Androids Dream of Electric Sheep?","https://assets.hardcover.app/editions/24366858/2403087114756371-912qCxdgTRL._SL1500_.jpg","","","","Planning","","","","0","2025-11-02 00:30:52.881335+00:00","2025-11-02 00:30:52.787156+00:00"
"290741","hardcover","book","The Big Sleep","https://assets.hardcover.app/edition/30933201/4b898da9078fafcade8e82890ba8c157208bf342.jpeg","","","9.0","Completed","","2026-01-08 13:02:00+00:00","2026-01-13 14:17:00+00:00","251","2026-01-08 13:02:38.833886+00:00","2026-01-13 14:17:37.196358+00:00"
"313448","hardcover","book","Neuromancer","https://assets.hardcover.app/editions/30401722/203725739738019-PxOL.jpg","","","10.0","Completed","","2025-10-30 12:39:00+00:00","2025-11-05 13:30:00+00:00","271","2025-11-01 12:39:58.980308+00:00","2025-11-05 13:30:46.905247+00:00"
"31879","hardcover","book","Horus Rising","https://assets.hardcover.app/external_data/25798810/72701f894fdd154f3b8a8f9cd68100f1084e3f17.jpeg","","","","In progress","","2026-02-27 16:16:00+00:00","","0","2026-02-27 15:16:04.675757+00:00","2026-02-27 15:16:04.251229+00:00"
"339700","hardcover","book","The Drowning Pool","https://assets.hardcover.app/external_data/59718598/471c8b84a177d9087e9e90d0db26b35f28401abb.jpeg","","","8.0","Completed","","2026-02-23 15:24:00+00:00","2026-02-26 17:23:00+00:00","262","2026-02-23 14:24:45.681076+00:00","2026-02-26 16:23:56.337615+00:00"
"340654","hardcover","book","The Seven Husbands of Evelyn Hugo","https://assets.hardcover.app/edition/30400854/26c67fc06856b60a465680539c0c0b327be861de.jpeg","","","","Planning","","","","0","2025-10-21 00:56:41.608836+00:00","2025-10-21 00:56:41.510227+00:00"
"369986","hardcover","book","The Fall of Hyperion","https://assets.hardcover.app/edition/30556303/c6ae174a950034142815ab5d5b030f30027c8502.jpeg","","","9.0","Completed","","2025-08-20 19:25:00+00:00","2025-09-04 19:25:00+00:00","530","2025-10-20 19:25:43.353148+00:00","2025-10-20 19:25:43.353326+00:00"
"374541","hardcover","book","The Return of the King","https://assets.hardcover.app/external_data/28439979/3339defcd86934d0c4a59dffc8d5aec7def13475.jpeg","","","10.0","Completed","","2025-12-21 12:40:00+00:00","2025-12-29 14:14:00+00:00","406","2025-12-30 15:58:52.338826+00:00","2025-12-30 15:58:52.339679+00:00"
"377193","hardcover","book","The Great Gatsby","https://assets.hardcover.app/external_data/27597898/6cb93bdc8f29bc483f692644c829ab97a7f17716.jpeg","","","10.0","Completed","","2025-07-30 19:23:00+00:00","2025-08-15 19:23:00+00:00","180","2025-10-20 19:23:55.059010+00:00","2025-10-20 19:23:55.059159+00:00"
"379631","hardcover","book","The Two Towers","https://assets.hardcover.app/edition/25616931/cd5d5770785ed7174f4649b06ff4feb6cbdb800e.jpeg","","","9.0","Completed","","2025-12-12 12:32:00+00:00","2026-01-01 19:49:00+00:00","323","2025-12-12 12:32:19.528878+00:00","2026-01-01 19:49:32.987041+00:00"
"427314","hardcover","book","Children of Dune","https://assets.hardcover.app/external_data/40675106/cd80b5a3255699df4d0ef76d2fbb2d175a57eb9e.jpeg","","","","Planning","","","","0","2025-10-21 01:36:22.128966+00:00","2025-10-21 01:36:22.051396+00:00"
"427349","hardcover","book","The Coming of Conan the Cimmerian","https://assets.hardcover.app/edition/24956492/211006-L.jpg","","","9.0","Completed","","2025-03-14 19:24:00+00:00","2025-08-18 19:24:00+00:00","496","2025-10-20 19:25:06.430629+00:00","2025-10-20 19:25:06.430783+00:00"
"427393","hardcover","book","Dune Messiah","https://assets.hardcover.app/edition/30447906/3d068963494d031eeeb168a4b94344214b912793.jpeg","","","9.0","Completed","","2025-10-15 11:00:00+00:00","2025-10-23 03:25:00+00:00","352","2025-10-20 19:28:55.902653+00:00","2025-10-23 11:26:12.254460+00:00"
"427460","hardcover","book","Hyperion","https://assets.hardcover.app/edition/30428122/3c2f0e295e374546dcee4d94bd25197589d8484a.jpeg","","","10.0","Completed","","2025-08-06 19:23:00+00:00","2025-08-16 19:23:00+00:00","492","2025-10-20 19:23:36.114446+00:00","2025-10-20 19:23:36.114600+00:00"
"427621","hardcover","book","Leviathan Wakes","https://assets.hardcover.app/editions/31795264/8326503637087890.jpg","","","10.0","Completed","","2024-12-14 20:08:00+00:00","2025-01-14 20:08:00+00:00","621","2025-10-20 19:08:42.909492+00:00","2025-10-20 19:08:42.910121+00:00"
"428931","hardcover","book","The Assassin's Blade","https://assets.hardcover.app/external_data/22807604/6e9519af584ae3fb84c30d06770cb82541495a0c.jpeg","","","6.0","Completed","","2025-10-23 11:29:00+00:00","2025-10-30 13:00:00+00:00","195","2025-10-21 00:57:24.224955+00:00","2025-10-30 13:00:37.003188+00:00"
"430938","hardcover","book","Persepolis Rising","https://assets.hardcover.app/external_data/59806771/e888843b21c40c101519fe21fccd205b7669212f.jpeg","","","8.0","Completed","","2025-05-14 19:18:00+00:00","2025-06-10 19:18:00+00:00","549","2025-10-20 19:18:38.458643+00:00","2025-10-20 19:18:38.458802+00:00"
"430940","hardcover","book","Babylon's Ashes","https://assets.hardcover.app/edition/31626904/0f3a4b99d73c5433ca0a0bf95568b2eff4a1e801.jpeg","","","8.0","Completed","","2025-04-14 19:15:00+00:00","2025-05-05 19:15:00+00:00","541","2025-10-20 19:15:35.487833+00:00","2025-10-20 19:15:35.487986+00:00"
"430977","hardcover","book","Tiamat's Wrath","https://assets.hardcover.app/external_data/59507428/1af7460a308b30a7fb519aef6b6d80898cb6705d.jpeg","","","8.0","Completed","","2025-06-11 19:20:00+00:00","2025-07-05 19:20:00+00:00","544","2025-10-20 19:20:35.321523+00:00","2025-10-20 19:20:35.321679+00:00"
"430999","hardcover","book","Auberon","https://assets.hardcover.app/editions/30448357/6022122525865585.webp","","","9.0","Completed","","2025-07-17 19:21:00+00:00","2025-07-18 19:21:00+00:00","75","2025-10-20 19:21:18.017372+00:00","2025-10-20 19:21:18.017531+00:00"
"431000","hardcover","book","The Butcher of Anderson Station","https://assets.hardcover.app/external_data/59520595/b0bc833cdc4121bdb8db78d864a0628bd52323a5.jpeg","","","8.0","Completed","","2025-02-14 20:13:00+00:00","2025-02-15 20:13:00+00:00","40","2025-10-20 19:13:16.737539+00:00","2025-10-20 19:13:16.737693+00:00"
"431006","hardcover","book","Cibola Burn","https://assets.hardcover.app/editions/30400882/6428519579048206.jpg","","","8.0","Completed","","2025-02-14 20:13:00+00:00","2025-03-07 20:13:00+00:00","581","2025-10-20 19:13:43.010134+00:00","2025-10-20 19:13:43.010333+00:00"
"431008","hardcover","book","The Churn","https://assets.hardcover.app/external_data/61397718/11d2ad3f225d31e3aa0442a9d201edc10d8da265.jpeg","","","9.0","Completed","","2025-01-14 20:09:00+00:00","2025-01-17 20:09:00+00:00","75","2025-10-20 19:09:38.915042+00:00","2025-10-20 19:09:38.915196+00:00"
"431010","hardcover","book","Nemesis Games","https://assets.hardcover.app/edition/30559887/edd95ca53432b9517c4a7a550d8a15cabafe0097.jpeg","","","9.0","Completed","","2025-03-14 19:14:00+00:00","2025-04-20 19:14:00+00:00","532","2025-10-20 19:15:08.660525+00:00","2025-10-20 19:15:08.660684+00:00"
"431017","hardcover","book","Strange Dogs","https://assets.hardcover.app/external_data/59012361/38502a50345b7b006d86326bb024f1521a8be345.jpeg","","","8.0","Completed","","2025-05-14 19:15:00+00:00","2025-05-17 19:15:00+00:00","95","2025-10-20 19:15:59.656210+00:00","2025-10-20 19:15:59.663861+00:00"
"433528","hardcover","book","Termination Shock","https://assets.hardcover.app/editions/30401934/2393757528188909.jpg","","","8.0","Completed","","2025-09-18 19:27:00+00:00","2025-10-07 19:27:00+00:00","720","2025-10-20 19:27:27.781450+00:00","2025-10-20 19:27:27.781602+00:00"
"434434","hardcover","book","Caliban's War","https://assets.hardcover.app/edition/30391596/871aff289f8526cba4147f4fd6bfbcc6b3ff576a.jpeg","","","8.0","Completed","","2025-01-14 20:10:00+00:00","2025-02-05 20:10:00+00:00","443","2025-10-20 19:11:01.551144+00:00","2025-10-20 19:11:01.551352+00:00"
"434951","hardcover","book","Death in Her Hands","https://assets.hardcover.app/edition/8115967/10320327-L.jpg","","","6.0","Completed","","2025-01-01 20:12:00+00:00","2025-02-04 20:12:00+00:00","259","2025-10-20 19:12:56.065666+00:00","2025-10-20 19:12:56.065822+00:00"
"439040","hardcover","book","Double Indemnity","https://assets.hardcover.app/external_data/59390157/81ee9c56f81095c7f4b97639f54501f3aa9cb0a1.jpeg","","","8.0","Completed","","2026-01-14 04:14:00+00:00","2026-01-15 14:41:00+00:00","136","2026-01-14 05:14:51.829303+00:00","2026-01-15 14:41:31.966881+00:00"
"442060","hardcover","book","The Moving Target","https://assets.hardcover.app/edition/932113/228311-L.jpg","","","7.0","Completed","","2026-02-20 04:39:00+00:00","2026-02-22 15:34:00+00:00","246","2026-02-20 03:40:04.192382+00:00","2026-02-22 14:35:03.267932+00:00"
"457145","hardcover","book","Mona Lisa Overdrive","https://assets.hardcover.app/books/457145/8649774821587606.png","","","7.0","Completed","","2025-11-12 12:44:00+00:00","2025-11-17 13:41:00+00:00","251","2025-11-12 12:45:01.922692+00:00","2025-11-17 13:41:46.075121+00:00"
"463439","hardcover","book","Leviathan Falls","https://assets.hardcover.app/external_data/61060142/760e8b23dacb01e08619c997a72cc02c493a4d18.jpeg","","","10.0","Completed","","2025-07-21 19:22:00+00:00","2025-08-05 19:22:00+00:00","528","2025-10-20 19:22:54.757565+00:00","2025-10-20 19:22:54.757716+00:00"
"467332","hardcover","book","The Postman Always Rings Twice","https://assets.hardcover.app/external_data/60031140/9fd555a9f8b9a4512126726af1786ddef12c615a.jpeg","","","7.0","Completed","","2026-01-16 04:28:00+00:00","2026-01-18 14:42:00+00:00","128","2026-01-16 05:29:01.380758+00:00","2026-01-18 14:42:29.830292+00:00"
"479910","hardcover","book","Tomorrow, and Tomorrow, and Tomorrow","https://assets.hardcover.app/edition/30535150/2efdfd508a803c89913fd6e987f69048a17c89c6.jpeg","","","9.0","Completed","","2024-12-14 18:30:00+00:00","2025-01-04 15:32:00+00:00","496","2025-10-21 14:32:42.348644+00:00","2025-10-21 14:32:42.348799+00:00"
"482113","hardcover","book","Xenos","https://assets.hardcover.app/editions/31794169/6234236310455896.jpg","","","7.0","Completed","","2026-01-24 16:15:00+00:00","2026-01-30 13:16:00+00:00","416","2026-01-25 15:11:31.981195+00:00","2026-01-30 13:16:41.099398+00:00"
"499024","hardcover","book","The Sins of Our Fathers","https://assets.hardcover.app/external_data/61060171/bca8750d3ab80754377c6eff31ff82f0b60c0110.jpeg","","","8.0","Completed","","2025-08-04 19:23:00+00:00","2025-08-06 19:23:00+00:00","64","2025-10-20 19:23:18.204937+00:00","2025-10-20 19:23:18.205159+00:00"
"529364","hardcover","book","The Galton Case","https://assets.hardcover.app/edition/30484210/421509-L.jpg","","","9.0","Completed","","2026-01-19 05:04:00+00:00","2026-01-22 13:50:00+00:00","257","2026-01-19 05:04:13.216228+00:00","2026-01-22 13:50:28.576662+00:00"
"550511","hardcover","book","The Magos","https://assets.hardcover.app/editions/30508415/9674153455713222.jpg","","","8.0","Completed","","2026-02-16 04:55:00+00:00","2026-02-19 21:57:00+00:00","720","2026-02-16 04:55:48.301444+00:00","2026-02-19 21:58:11.058103+00:00"
"571724","hardcover","book","The Keeler Image","https://assets.hardcover.app/edition/30534427/0243788d-262a-4a78-b798-67093df8d057.jpg","","","10.0","Completed","","2026-02-14 13:21:00+00:00","2026-02-15 13:53:00+00:00","7","2026-02-14 13:21:48.228970+00:00","2026-02-15 13:53:20.670487+00:00"
"571727","hardcover","book","Regia Occulta","https://assets.hardcover.app/external_data/59603674/e0379036e44cbcfcd7c3ebd9a1de221f01be8bad.jpeg","","","8.0","Completed","","2026-02-07 13:15:00+00:00","2026-02-07 13:36:00+00:00","22","2026-02-07 13:15:28.608120+00:00","2026-02-07 13:36:37.680204+00:00"
"571794","hardcover","book","Hereticus","https://assets.hardcover.app/editions/30534504/5438739184968100.jpg","","","9.0","Completed","","2026-02-09 13:01:00+00:00","2026-02-14 13:21:00+00:00","320","2026-02-09 13:01:12.080515+00:00","2026-02-14 13:21:28.763168+00:00"
"571796","hardcover","book","Backcloth for a Crown Additional","https://assets.hardcover.app/external_data/59603734/d3446046b42d05b5f0dc49a30907f8601e368ccb.jpeg","","","","Completed","","2026-02-09 04:08:00+00:00","2026-02-09 13:00:00+00:00","70","2026-02-09 04:08:34.714205+00:00","2026-02-09 13:00:55.053453+00:00"
"571797","hardcover","book","Malleus","https://assets.hardcover.app/editions/30534508/2326868959874391.jpg","","","7.0","Completed","","2026-01-31 13:34:00+00:00","2026-02-07 13:14:00+00:00","288","2026-01-31 13:34:07.842501+00:00","2026-02-07 13:14:34.434404+00:00"
"571798","hardcover","book","Missing in Action","https://assets.hardcover.app/editions/30534509/4280816389669007.jpg","","","6.0","Completed","","2026-02-08 04:15:00+00:00","2026-02-09 04:07:00+00:00","0","2026-02-08 04:15:32.764409+00:00","2026-02-08 04:15:32.237165+00:00"
"65518","hardcover","book","Slapstick","https://assets.hardcover.app/edition/30394726/2c048ceb723ed930538ae2c61e2e4e3d748afc5e.jpeg","","","9.0","Completed","","2025-07-19 19:22:00+00:00","2025-07-28 19:22:00+00:00","274","2025-10-20 19:22:28.872890+00:00","2025-10-20 19:22:28.873041+00:00"
"82662","hardcover","book","The Diamond Age","https://assets.hardcover.app/book_mappings/7332970/8f1a10cf5b82f7021430811bb32b40ea88b02552.jpeg","","","7.0","Completed","","2025-11-18 04:52:00+00:00","2025-11-30 04:55:00+00:00","536","2025-11-18 04:52:18.657172+00:00","2025-11-30 04:55:20.748120+00:00"
"844741","hardcover","book","Q-in-Law","https://assets.hardcover.app/edition/30858847/b00e4a94815b74a42796bd94cf29988f41560703.jpeg","","","7.0","Completed","","2025-05-07 19:16:00+00:00","2025-05-30 19:16:00+00:00","252","2025-10-20 19:17:05.651698+00:00","2025-10-20 19:17:05.651855+00:00"
"94521","hardcover","book","Stories of Your Life and Others","https://assets.hardcover.app/external_data/36120679/d080487c9bf3474ea527224ef27bf16580c2c417.jpeg","","","9.0","Completed","","2025-09-08 19:25:00+00:00","2025-09-18 19:25:00+00:00","352","2025-10-20 19:26:07.755691+00:00","2025-10-20 19:26:07.755843+00:00"
"120309","comicvine","comic","House of X","https://comicvine.gamespot.com/a/uploads/scale_medium/6/67663/7016192-01.jpg","","","8.0","Completed","","2024-04-12 17:12:00+00:00","2024-05-24 13:42:00+00:00","6","2025-10-22 13:42:49.273699+00:00","2025-10-22 13:42:49.273852+00:00"
"120407","comicvine","comic","Powers of X","https://comicvine.gamespot.com/a/uploads/scale_medium/6/67663/7023036-01.jpg","","","8.0","Completed","","2024-04-12 17:12:00+00:00","2024-05-12 13:43:00+00:00","6","2025-10-22 13:43:25.845298+00:00","2025-10-22 13:43:25.845455+00:00"
"152857","comicvine","comic","Conan the Barbarian","https://comicvine.gamespot.com/a/uploads/scale_medium/11156/111567728/9049323-0568866072-large.jpg","","","","In progress","","2023-06-24 14:26:00+00:00","","26","2025-10-21 14:27:49.650353+00:00","2025-11-15 13:07:55.026633+00:00"
"154198","comicvine","comic","Nights","https://comicvine.gamespot.com/a/uploads/scale_medium/11156/111567728/9136527-0871227268-22431.jpg","","","","In progress","","2023-10-11 17:12:00+00:00","","16","2025-10-21 19:32:54.641642+00:00","2025-11-09 13:02:46.184574+00:00"
"155969","comicvine","comic","Ultimate Spider-Man","https://comicvine.gamespot.com/a/uploads/scale_medium/11/110017/9226620-wwww.jpg","","","","Completed","","2024-01-10 18:12:00+00:00","2025-10-27 02:41:00+00:00","22","2025-10-21 19:37:35.677816+00:00","2025-10-27 02:41:10.582805+00:00"
"156647","comicvine","comic","Ultimate Black Panther","https://comicvine.gamespot.com/a/uploads/scale_medium/11/110017/9261062-wwww.jpg","","","","Completed","","2024-02-07 18:12:00+00:00","2025-11-15 13:08:00+00:00","22","2025-10-21 19:36:20.869821+00:00","2025-11-15 13:08:01.443186+00:00"
"157073","comicvine","comic","The Savage Sword of Conan","https://comicvine.gamespot.com/a/uploads/scale_medium/11161/111615891/9284747-cover.jpg","","","","In progress","","2024-02-28 18:12:00+00:00","","10","2025-10-21 19:35:17.616185+00:00","2025-10-21 19:35:17.616361+00:00"
"157127","comicvine","comic","Ultimate X-Men","https://comicvine.gamespot.com/a/uploads/scale_medium/11/110017/9289806-wwww.jpg","","","","Completed","","2024-03-06 18:12:00+00:00","2025-11-08 14:20:00+00:00","21","2025-10-21 19:37:59.539823+00:00","2025-11-08 14:20:08.613028+00:00"
"157351","comicvine","comic","Dawnrunner","https://comicvine.gamespot.com/a/uploads/scale_medium/11161/111615891/9306464-cover.jpg","","","10.0","Completed","","2024-05-20 17:12:00+00:00","2024-09-04 15:52:00+00:00","5","2025-10-21 15:52:48.417635+00:00","2025-10-21 15:52:48.417789+00:00"
"157401","comicvine","comic","Batman: Dark Age","https://comicvine.gamespot.com/a/uploads/scale_medium/11/110017/9311503-wwww.jpg","","","9.0","Completed","","2024-03-26 17:12:00+00:00","2024-11-13 16:45:00+00:00","6","2025-10-21 15:45:15.545382+00:00","2025-10-21 15:45:15.545536+00:00"
"157407","comicvine","comic","Ultimate Invasion","https://comicvine.gamespot.com/a/uploads/scale_medium/11159/111592040/9311781-img_4488.jpeg","","","8.0","Completed","","2024-10-13 17:12:00+00:00","2024-10-21 14:45:00+00:00","1","2025-10-21 14:45:28.200964+00:00","2025-10-21 14:45:28.201116+00:00"
"157978","comicvine","comic","Bear Pirate Viking Queen","https://comicvine.gamespot.com/a/uploads/scale_medium/11161/111615891/9349496-cover.jpg","","","7.0","Completed","","2024-05-01 17:12:00+00:00","2024-07-03 15:48:00+00:00","3","2025-10-21 15:48:09.323127+00:00","2025-10-21 15:48:09.323313+00:00"
"158414","comicvine","comic","Ultimates","https://comicvine.gamespot.com/a/uploads/scale_medium/11161/111615891/9380569-cover.jpg","","","","Completed","","2024-06-06 17:12:00+00:00","2025-10-23 11:34:00+00:00","17","2025-10-21 19:38:26.102033+00:00","2025-10-23 11:34:43.058436+00:00"
"158487","comicvine","comic","Into the Unbeing, Part One","https://comicvine.gamespot.com/a/uploads/scale_medium/11161/111615891/9386356-cover.jpg","","","","Planning","","","","0","2025-10-22 13:44:35.744060+00:00","2025-10-22 13:44:35.667237+00:00"
"158703","comicvine","comic","Cyberpunk 2077: Kickdown","https://comicvine.gamespot.com/a/uploads/scale_medium/11161/111615891/9403973-cover.jpg","","","","Planning","","","","0","2025-10-21 15:52:23.043442+00:00","2025-10-21 15:52:22.999407+00:00"
"158808","comicvine","comic","From the World of Minor Threats: Barfly","https://comicvine.gamespot.com/a/uploads/scale_medium/11161/111615891/9410181-cover.jpg","","","7.0","Completed","","2024-06-10 05:12:00+00:00","2024-12-18 14:42:00+00:00","4","2025-10-22 13:42:01.039037+00:00","2025-10-22 13:42:01.039310+00:00"
"158808","comicvine","comic","From the World of Minor Threats: Barfly","https://comicvine.gamespot.com/a/uploads/scale_medium/11161/111615891/9410181-cover.jpg","","","7.0","Completed","","2024-06-10 05:12:00+00:00","2025-10-22 13:41:00+00:00","4","2025-10-22 13:42:00.268174+00:00","2025-10-22 13:42:00.268709+00:00"
"159212","comicvine","comic","The Power Fantasy","https://comicvine.gamespot.com/a/uploads/scale_medium/11157/111578271/9437269-6891540033-the-p.jpg","","","","Completed","","2024-08-07 17:12:00+00:00","2025-11-17 14:17:00+00:00","13","2025-10-21 19:34:28.718612+00:00","2025-11-17 14:17:02.267291+00:00"
"159480","comicvine","comic","Aliens vs. Avengers","https://comicvine.gamespot.com/a/uploads/scale_medium/11/110017/9458226-wwww.jpg","","","9.0","Completed","","2024-08-28 17:12:00+00:00","2025-06-18 15:20:00+00:00","4","2025-10-21 15:20:53.262907+00:00","2025-10-21 15:20:53.263063+00:00"
"159622","comicvine","comic","Conan the Barbarian: Battle of the Black Stone","https://comicvine.gamespot.com/a/uploads/scale_medium/11161/111615891/9466441-cover.jpg","","","8.0","Completed","","2024-09-04 17:12:00+00:00","2024-12-04 16:51:00+00:00","4","2025-10-21 15:51:56.682333+00:00","2025-10-21 15:51:56.682490+00:00"
"160294","comicvine","comic","Absolute Batman","https://comicvine.gamespot.com/a/uploads/scale_medium/11/110017/9503378-wwww.jpg","","","","In progress","","2024-10-21 14:37:00+00:00","","15","2025-10-21 14:37:28.009030+00:00","2026-01-02 14:39:10.108763+00:00"
"160314","comicvine","comic","Sentinels","https://comicvine.gamespot.com/a/uploads/scale_medium/11/110017/9504379-wwww.jpg","","","3.0","Dropped","","2024-10-09 17:12:00+00:00","","2","2025-10-22 13:58:46.802398+00:00","2025-10-22 13:58:46.802561+00:00"
"160511","comicvine","comic","Absolute Wonder Woman","https://comicvine.gamespot.com/a/uploads/scale_medium/11/110017/9516336-wwww.jpg","","","","In progress","","2024-10-21 14:37:00+00:00","2025-12-09 16:53:00+00:00","15","2025-10-21 14:38:01.443135+00:00","2026-01-02 14:39:34.253080+00:00"
"160734","comicvine","comic","Bat-Man - First Knight","https://comicvine.gamespot.com/a/uploads/scale_medium/11116/111168846/9524819-jurgens-dan_bat-man_-first-knight---bd.-1-_9783756915293_page_1.jpeg","","","8.0","Completed","","2024-04-09 17:12:00+00:00","2024-05-21 15:22:00+00:00","3","2025-10-21 15:22:51.244708+00:00","2025-10-21 15:22:51.244867+00:00"
"160860","comicvine","comic","Absolute Superman","https://comicvine.gamespot.com/a/uploads/scale_medium/11/110017/9528005-wwww.jpg","","","","Completed","","2024-11-01 17:12:00+00:00","2025-11-08 14:19:00+00:00","13","2025-10-21 14:39:45.587147+00:00","2025-11-08 14:19:56.197820+00:00"
"161439","comicvine","comic","Long Cold Winter","https://comicvine.gamespot.com/a/uploads/scale_medium/11161/111615891/9554179-cover.jpg","","","3.0","Dropped","","2024-12-04 18:12:00+00:00","","0","2025-10-22 13:45:03.559162+00:00","2025-10-22 13:45:03.484197+00:00"
"161607","comicvine","comic","Batman: Dark Patterns","https://comicvine.gamespot.com/a/uploads/scale_medium/11/110017/9561121-wwww.jpg","","","","Completed","","2025-10-21 14:44:00+00:00","2025-11-17 14:16:00+00:00","12","2025-10-21 14:44:29.333361+00:00","2025-11-17 14:17:00.214239+00:00"
"162012","comicvine","comic","Ultimate Wolverine","https://comicvine.gamespot.com/a/uploads/scale_medium/11/110017/9599528-wwww.jpg","","","","Completed","","2025-01-15 18:12:00+00:00","2025-11-15 13:08:00+00:00","11","2025-10-21 19:38:55.256879+00:00","2025-11-15 13:08:35.110226+00:00"
"162415","comicvine","comic","Into the Unbeing, Part Two","https://comicvine.gamespot.com/a/uploads/scale_medium/11161/111615891/9627998-cover.jpg","","","","Planning","","","","0","2025-10-22 13:44:26.914135+00:00","2025-10-22 13:44:26.778233+00:00"
"162682","comicvine","comic","Assorted Crisis Events","https://comicvine.gamespot.com/a/uploads/scale_medium/11161/111615891/9655759-cover.jpg","","","10.0","In progress","","2025-03-12 17:12:00+00:00","2025-11-09 13:02:00+00:00","6","2025-10-21 15:21:42.357312+00:00","2025-11-09 13:02:42.856131+00:00"
"162847","comicvine","comic","Absolute Flash","https://comicvine.gamespot.com/a/uploads/scale_medium/11161/111615891/9663676-cover.jpg","","","","Dropped","","2025-03-12 17:12:00+00:00","2025-06-01 17:12:00+00:00","4","2025-10-21 14:43:11.667577+00:00","2025-10-21 14:43:11.667752+00:00"
"162966","comicvine","comic","Absolute Martian Manhunter","https://comicvine.gamespot.com/a/uploads/scale_medium/11/110017/9668380-wwww.jpg","","","","In progress","","2025-03-21 14:40:00+00:00","","7","2025-10-21 14:40:15.972545+00:00","2026-01-02 14:39:20.125870+00:00"
"163027","comicvine","comic","We're Taking Everyone Down with Us","https://comicvine.gamespot.com/a/uploads/scale_medium/11161/111615891/9671095-cover.jpg","","","","Completed","","2025-03-26 14:06:00+00:00","2025-11-18 12:42:00+00:00","6","2025-10-22 14:07:08.813239+00:00","2025-11-18 12:42:21.562772+00:00"
"163145","comicvine","comic","Absolute Green Lantern","https://comicvine.gamespot.com/a/uploads/scale_medium/11/110017/9678017-wwww.jpg","","","4.0","Dropped","","2025-04-01 17:12:00+00:00","2025-06-06 17:12:00+00:00","5","2025-10-21 14:42:11.663724+00:00","2025-10-21 14:42:11.663876+00:00"
"164035","comicvine","comic","Planet Death","https://comicvine.gamespot.com/a/uploads/scale_medium/11161/111615891/9708754-cover.jpg","","","","In progress","","2025-11-08 14:22:00+00:00","","2","2025-11-08 14:22:14.976133+00:00","2025-11-09 13:02:48.841781+00:00"
"164330","comicvine","comic","Exquisite Corpses","https://comicvine.gamespot.com/a/uploads/scale_medium/11161/111615891/9722636-cover.jpg","","","","Completed","","2025-05-15 02:02:00+00:00","2025-10-27 02:41:00+00:00","6","2025-10-21 15:53:31.718526+00:00","2025-10-27 02:41:00.472802+00:00"
"164848","comicvine","comic","Imperial","https://comicvine.gamespot.com/a/uploads/scale_medium/11/110017/9743692-wwww.jpg","","","","In progress","","2025-06-04 13:43:00+00:00","2025-10-22 13:44:00+00:00","3","2025-10-22 13:43:58.185012+00:00","2025-10-22 13:44:04.366084+00:00"
"164850","comicvine","comic","Ultimate Spider-Man: Incursion","https://comicvine.gamespot.com/a/uploads/scale_medium/11/110017/9743708-wwww.jpg","","","","Completed","","2025-06-04 17:12:00+00:00","2025-11-15 13:08:00+00:00","5","2025-10-21 19:39:29.331080+00:00","2025-11-15 13:08:08.851543+00:00"
"165547","comicvine","comic","This Ends Tonight","https://comicvine.gamespot.com/a/uploads/scale_medium/11161/111615891/9792315-cover.jpg","","","2.0","Dropped","","2025-06-16 17:12:00+00:00","","2","2025-10-22 13:58:01.869856+00:00","2025-10-22 13:58:01.870019+00:00"
"166172","comicvine","comic","Blood Hunt: Red Band","https://comicvine.gamespot.com/a/uploads/scale_medium/11182/111829875/9819297-img_9669.jpeg","","","","Planning","","2024-05-01 17:12:00+00:00","2024-07-31 15:49:00+00:00","0","2025-10-21 15:49:50.949305+00:00","2025-10-22 14:00:40.467140+00:00"
"166619","comicvine","comic","Batman","https://comicvine.gamespot.com/a/uploads/scale_medium/11/110017/9849731-wwww.jpg","","","","Completed","","2025-09-03 17:12:00+00:00","2025-11-08 14:19:00+00:00","3","2025-10-21 15:44:25.097428+00:00","2025-11-08 14:19:59.772374+00:00"
"167082","comicvine","comic","The Bat-Man: Second Knight","https://comicvine.gamespot.com/a/uploads/scale_medium/11161/111615891/9869409-cover.jpg","","","","In progress","","2025-09-17 17:12:00+00:00","","1","2025-10-21 15:23:57.037625+00:00","2025-10-21 15:23:57.037778+00:00"
"167190","comicvine","comic","Conan the Barbarian: Scourge of the Serpent","https://comicvine.gamespot.com/a/uploads/scale_medium/11161/111615891/9875973-cover.jpg","","","","In progress","","2025-09-24 14:25:00+00:00","","2","2025-10-21 14:25:59.738182+00:00","2025-11-02 15:20:58.237735+00:00"
"167194","comicvine","comic","Skinbreaker","https://comicvine.gamespot.com/a/uploads/scale_medium/11161/111615891/9876058-cover.jpg","","","","In progress","","2025-11-08 14:20:00+00:00","2025-11-08 14:20:00+00:00","2","2025-11-08 14:20:24.566375+00:00","2025-11-08 14:20:24.566583+00:00"
"167313","comicvine","comic","Absolute Evil","https://comicvine.gamespot.com/a/uploads/scale_medium/11161/111615891/9881573-cover.jpg","","","","In progress","","2025-10-15 17:12:00+00:00","","1","2025-10-21 15:18:14.630598+00:00","2025-10-21 15:18:14.630803+00:00"
"167814","comicvine","comic","The Savage Sword of Conan: Reforged","https://comicvine.gamespot.com/a/uploads/scale_medium/11161/111615891/9897734-cover.jpg","","","","In progress","","2025-10-24 11:46:00+00:00","","1","2025-10-24 11:46:37.702083+00:00","2025-10-29 12:13:03.215249+00:00"
"168941","comicvine","comic","Ultimate Universe: Two Years In","https://comicvine.gamespot.com/a/uploads/scale_medium/11/110017/9927523-wwww.jpg","","","","Planning","","","","0","2025-12-09 16:52:30.226728+00:00","2025-12-09 16:52:30.128978+00:00"
"3336","comicvine","comic","Conan the King","https://comicvine.gamespot.com/a/uploads/scale_medium/0/4/21406-3336-23867-1-conan-the-king.jpg","","","","Planning","","","","0","2025-10-21 15:51:32.511756+00:00","2025-10-21 15:51:32.394506+00:00"
"68121","comicvine","comic","Trigun Omnibus","https://comicvine.gamespot.com/a/uploads/scale_medium/6/67663/3358206-01.jpg","","","","In progress","","2025-10-25 11:15:00+00:00","","0","2025-11-06 12:15:25.610103+00:00","2025-11-06 12:15:25.424050+00:00"
